snapshot,node1,node2,anomaly_score,is_true_anomaly
15,872,2324,0.5968392491340637,0
15,1,2324,0.5968392491340637,0
15,670,2357,0.5968392491340637,0
15,994,2357,0.5968392491340637,0
16,1146,2466,0.5968392491340637,1
16,1105,2466,0.5968392491340637,0
